company_size,revenue_estimate,industry_code,location_score,traffic,social_followers,email_valid,contact_recent,worth_pursuing
10,477542.8761068833,3,7.527413355309337,60626.1731276568,46954.73140334434,1,61.967190282674245,1
10,12072.683634635494,2,4.172768668740715,439512.22652589163,178.77234825709994,1,80.12595883618205,1
50,7095.982088993531,3,1.6867535846444524,902834.8028871163,5334.388092130381,0,65.97902799055468,1
50,21294.801755297754,3,2.18962030639285,31729.49792816245,2898.0751904722874,1,35.743687538633765,0
1000,115206.9671918484,4,4.400323607450239,9945.589534482737,3590.1831362306125,1,16.95872360094846,1
200,33447.58187424138,3,4.778669262885341,7867.020264169395,13269.490466704492,1,17.40102542953613,0
50,286714.2389455834,3,4.731006431196534,182542.19134845937,8550.934441236142,1,15.075322180304067,1
10,798464.4916645327,3,7.5539307721763755,1132.1646176597956,149.55771527335224,1,67.8467787800988,0
50,20381.626284323866,4,4.177146785767995,542.568604241528,2055.246432233408,1,18.062113619288812,0
200,104089.87246899323,2,3.363142668115997,1246.6072650665928,882.9763977584385,1,10.93315717228333,0
200,25021.197111942136,4,4.422902608248591,55300.83295998943,5903.616828812163,1,73.80680812313649,0
1000,88522.37719853305,2,6.362719020885896,14310.958377276644,200.1141735297893,1,4.267789452189501,1
10,2482.9872522584355,3,5.104516980994966,293599.2935732413,1412.7072105468671,1,3.7140698972866364,1
10,371661.1314873668,2,8.060390397726703,51092.8202311292,3898.444209909264,1,0.343650813313002,1
10,15431.073848801196,2,6.106080171704717,397.4568117515632,23725.787062369884,1,2.1726669442105346,1
1000,11440.90180275598,2,4.740965506273119,16910.0143197091,643.0817946433754,1,22.627996340725108,1
1000,79678.05801570397,1,9.135812676327104,101490.52296145314,3059.744665304385,1,14.435966804524393,1
10,15435.837710566433,4,5.9923983747266325,6777.309932912978,1397.556071290804,1,8.717868654299918,0
1000,355584.81622923026,4,8.87030808012046,630806.334235208,232.4405933739687,1,19.420441327739624,1
10,1882944.2222039262,3,5.394584531262413,13739.910137969444,6456.000631050388,1,45.202636428104455,1
200,54916.64693802129,4,5.429426366341053,55546.025709988346,4803.547121113948,1,11.100106067177736,0
10,70003.57953426105,1,6.464984205559604,12044437.210439695,5289.866164231892,1,0.09076330194175314,1
10,693944.5231375835,3,6.752093585059589,24839.04251551764,1188.5279081365243,1,1.9855891032372026,1
50,48236.3741774656,1,2.9576750848793996,43300.30927021372,12808.73179912467,0,49.66096090654083,0
10,13715.322392979342,1,5.515505080285501,345.28713984887406,12367.423517503212,1,6.1676584294899826,1
10,66508.04818569537,4,5.69341995520984,126203.21472370293,2110.629939456086,1,51.295541576869645,1
10,83550.01031232887,2,3.5316524024430085,3066.8074553373212,29497.33354763329,1,15.73949819155321,0
50,39867.41483569636,1,5.262130372431697,34425.115263481144,71530.6034142988,1,25.01074921328323,1
10,887824.8755209959,3,4.838800501406478,23610.044089958774,679.8979299939706,0,1.234979143065729,1
50,10350.917694632388,1,3.786993223568521,22598.91752721447,5146.238996838606,1,5.07925625926127,1
1000,5074.08696608845,2,8.974551998461616,26196.87476429548,45.97989540473634,0,9.935934269424674,1
10,22721.20097636325,3,8.983106604409468,2652.130962735351,646.5344131491356,1,39.53559280382883,0
1000,164353.03192596222,3,6.292979075451541,141325.35162242755,12686.23870754215,1,4.08081877407671,1
10,356541.43289475003,3,5.170418899267802,64554.15777519074,678.8890227825212,1,5.941065715125517,1
10,106256.85679824093,1,7.061161171248115,4224.653963875074,10371.472388755972,1,52.08436490921915,1
10,114054.00333775269,1,1.2468945879162519,4239.1965021419255,1935.418689962946,1,17.43502554189739,0
10,123883.7897769124,3,5.291042395536482,1459.908235895667,894.3624482673831,1,14.792832486326807,0
200,463337.3312324418,4,4.057750696364243,78170.97173168938,2246.0776905418593,1,27.203779657758027,0
10,32877.5627751083,4,5.676046962203416,14516.824685894833,475.1239260623998,1,1.7857555725427272,0
10,45916.47016266573,2,6.358285550876391,2347.0341429553987,1876.940082525393,1,1.2348252989702722,1
10,101527.30892983044,3,3.3913684806800153,21543.210590842173,11358.029992599764,1,47.32908022742739,0
50,606139.4126119828,1,4.702061380465406,60264.84008562243,600.0090988138522,1,1.2834797684769195,1
1000,34536.201864983086,4,0.0,39011.2979267643,7340.968776972799,1,12.140788438142467,1
1000,55738.86652475058,2,3.1466033823053783,13611.491129231239,5057.039658217994,0,35.44770937143091,1
200,30380.02263239819,4,3.4600078676050856,41469.630496973485,12860.526691581423,1,26.587063897431477,0
10,7001.203534950513,4,5.958883036172128,18543.2406172134,5.189266582498556,0,16.468589127459257,0
10,137136.8939221546,1,1.905392022123269,6249.338488397354,7907.363098549601,1,39.65206493632365,0
1000,245525.66978239623,3,5.154961037037725,23316.467798284408,2702.871318657134,1,83.69973307437246,1
10,49940.01064993402,3,4.3397598120671,8819.615035898545,261.4404621343087,1,25.072007510124788,0
5000,150283.2249543949,3,9.437560466896269,3177.6858253662485,44431.53132713458,0,84.88914408189217,1
5000,64726.03716761343,1,5.659017471146019,3343.869634065001,1412.9902862699985,1,80.44299993480314,1
5000,5803.152194398183,1,4.2086385764874725,13711.306452749326,1276.937504284463,1,27.02033127886042,1
10,23858.50424050106,4,3.584748210355948,47894.284676434836,2324.891024348777,1,23.048556229379095,1
200,4957.0128966706325,1,4.01619510498759,13975.30999786483,40961.33353383412,0,6.3606143572714595,1
10,267658.2735641938,2,3.1508717712438,128321.41390509682,718.4352706021565,1,14.150156573605104,1
50,56373.98510289247,2,4.876471600279742,346.8262665642564,333.43867397492477,1,21.38430774005072,0
50,21947.113183325047,1,2.606422707147377,2417275.3451338117,1425.2765184843806,0,12.325875527003703,0
50,105431.61393751173,1,5.684675668979243,16014.911495988374,3190.76568127772,1,23.82361981567138,0
5000,80108.31932090946,4,4.029388329264263,214.37188218312292,3098.5456698139083,1,4.033463073292332,0
10,23529.87001303683,2,8.840735004288522,21765.699268188775,79784.37946632042,1,12.373331264820221,0
50,56838.69762344861,3,2.8207339253152233,4350.292106476345,10664.218658898271,1,31.0569618071615,0
50,748548.6947611056,1,3.903462410149846,7713.097878069598,15.648356370973334,1,18.925429696374227,0
1000,94154.07825619867,1,0.7425318111703758,11520.273203866225,487.89700786585803,1,3.983503912674561,1
10,80962.3478163961,2,4.903822985338455,189794.32964977753,809.6886213618847,1,21.703830848553533,1
50,176941.0732689704,1,7.837062690296073,60913.90461672709,69387.94533816134,0,2.755989666927447,1
200,41839.7386056949,3,4.395638826034757,2020.204697117625,150192.71415152773,1,30.965411891227074,1
5000,37658.92676122198,1,5.28717587301032,10150.477938460226,715.3920114308696,1,43.16542856794456,1
10,360391.86415271,4,3.276593859487484,1449016.8709748497,827.0271028050698,1,44.467502079389824,1
10,548427.5840722361,1,7.359450416721421,5177.198384436865,3871.433182752936,1,9.935627922283349,1
10,17548.112528322265,3,9.172094099074227,59243.497583578006,595.7431619969914,1,6.809675322441627,1
50,118013.90014800179,2,3.87878472630538,39861.007804832094,324.9837182824213,0,52.13424917599726,0
50,34764.03268992387,2,4.937882134258196,5020.36131443086,883.5851932672109,0,15.169640140881665,0
10,61771.079305716274,1,4.555050206443469,64978.84517913157,1977.1900736400014,1,30.48360012773282,0
10,1006244.4620640016,2,5.9265770602362124,62477.37748915826,8035.383791969774,1,4.969532459129854,1
200,76180.51281061096,3,6.683967390904254,19519.954745647694,282561.3164211562,1,38.039742825970016,1
10,39275.239481898214,3,1.4475073330670964,61526.8490510955,122.51237715144543,1,7.256590908139097,0
50,10726.59993192272,3,7.945341351501964,47888.181053109845,8837.69748090547,1,59.50957269198467,0
5000,281465.9638212853,4,5.819525591918994,980221.6842579384,6078.453459634256,1,3.7648108731410206,1
10,70127.00675333811,3,1.184384884245218,3916.731523936907,1277.2704715996797,1,5.595047072944178,0
10,85663.63954546598,2,8.449393299522217,91226.27198558227,317.3182314620347,0,36.53245371000006,0
50,120953.49164399235,2,4.668737179364736,92202.77340270452,17851.112533167554,1,35.11817876251621,1
1000,7182.682895993708,1,8.63612384511565,27619.599157791778,3646.715379098801,1,9.3830066359604,1
50,48719.1389144802,2,5.458149376411405,121168.48412920118,26249.989087771268,1,21.05841587889601,1
200,258537.6071808964,3,6.281085870149547,2947.7494168298313,3467.373761549387,1,25.70879718761346,1
200,779119.7680075542,1,4.9283488425870745,13875.237354301451,42451.34085682826,0,25.411337854163822,0
50,20889.720362884687,2,1.9613078490463152,8419.724786185898,44.278577781189995,1,11.539751906074933,0
50,47633.67487410014,1,6.519424590968336,377380.24839175673,726.6558878777604,0,33.32788306954829,1
50,149623.67957499585,1,5.1160454696167905,1142.657025652725,38.73940079369401,1,17.572958599656886,0
200,141333.01201070496,1,3.90091945080893,111479.64433338582,1288.3666015306844,1,12.363273776897701,1
10,178339.4998937164,1,3.8603341435224827,620411.9995008381,381.91302404951057,0,20.736641457278132,1
1000,4724.725668695225,1,4.754582132808552,66589.24205387688,1915.846945294513,1,38.25186680808673,1
50,35458.32859307894,3,0.7388670403855988,70625.22382290594,260.19492637771515,1,2.8357727329206877,1
10,7647.608668519103,3,2.7926603429392616,4053.27534422412,1995.6426391680347,1,0.2785367045838713,1
5000,409022.1305980025,2,2.447391166923328,12770.722907810981,31823.964525807758,1,30.94701772066465,1
10,23880.487079760558,3,2.982890631847584,19353.38831670466,15453.110078822448,1,19.9888267886779,0
1000,544027.7258853938,2,3.439601741765075,8454.742934908401,23881.55745144757,1,5.814621201583845,1
50,110716.4807699401,1,5.8695401291137825,15431.4705958896,32567.26025854327,1,2.6288257145648166,1
10,180821.53794343778,3,1.6346826117546285,160957.357883293,7067.508266912235,1,33.39763154160883,1
50,377567.0654487289,1,1.971059381638466,3030.875113435561,13191.17799041658,1,32.02615192248717,0
50,347699.3779280851,1,3.2266381554330854,601531.713472502,2772.039982522854,1,43.26822973325787,1
50,360359.4384627506,4,2.9955659621465505,15510.04392487905,8949.620181798533,1,20.653719127581134,0
50,55069.22909461408,4,6.385445510233719,181311.44866287828,5315.420196386547,0,69.05042806243343,1
10,26192.317603401054,1,5.898947825664614,670.876545552672,35152.41346194266,0,3.9344105266703093,1
1000,46214.96997827863,2,7.435918304611117,10604.016527625212,31670.325990666348,1,57.405385631513525,1
10,237664.36457985715,4,2.4137169124827045,12228.382812291718,379.9559976835982,1,18.019611983466035,0
10,33904.68174884866,3,2.256652605539068,5033.575435151953,12811.869052749202,1,14.736644248122388,1
200,25434.977162404997,2,2.2657243870795085,1779.8131897185644,2174.3956297651353,1,19.67216680910311,0
10,254185.26634803318,4,3.0745348694307753,21065.658463237236,76708.66745677024,1,4.394176743942461,1
50,132526.66262655065,1,4.924858710041037,22127.487043112873,16117.791763216555,1,34.82315839344666,0
10,654585.5687088604,3,7.271240294365889,205595.83427713637,2689.0792908564836,1,30.88658741029895,1
10,549242.3826891384,2,9.640081444034518,11236.186878925402,8783.022608826079,1,13.259608106219213,0
5000,8078.677496434211,2,4.08539668982642,73735.65738673275,4413.758536601717,0,64.68842678899915,1
50,29024.184703869752,3,3.899769434126922,32889.84619502246,721.3595427671165,1,61.780419315049365,0
50,138342.85905086203,2,2.4613390069066017,69148.56304391139,282.06936543293835,1,17.834961373314556,0
10,58417.200577703545,2,6.513577359973964,282315.77021431725,166.1334657176194,1,8.272457142660127,1
10,13392.751930517761,2,2.188865961642716,33707.631736147916,2781.925943057078,1,0.6735901708721805,1
50,213444.58346323806,3,8.25833272980189,1397408.5990623408,872.1159913078566,1,61.56545789223357,1
1000,104933.78957544298,1,3.9413357751032585,41649.39033187715,203.94912457368935,1,68.31309110284293,1
1000,107764.76277607887,3,5.316106979840264,13456.71066723999,2205.637740411863,1,24.55048895351266,1
50,883668.079362393,4,5.632311914365556,4019.566912119908,11279.451185104916,1,164.1970400936126,0
200,251463.5871137261,4,5.839219944048236,34307.420375974616,90057.54700278357,1,0.2875422376497068,1
10,73963.67478396035,2,6.4121578276302635,144692.16039826258,362.2479815741682,1,75.84582020240332,1
1000,51899.09862241166,1,8.92517438106159,6348.224134347621,2535.54865529081,1,3.0815456416371023,0
10,10534.943532265794,1,3.3031427316183706,11484.779267080123,237.93265325358013,1,6.297969006406623,1
10,21802.154270318177,3,5.380847779850115,4617.862634199207,378.4437437246363,1,23.127874378133257,0
200,182260.3132245992,3,7.623967477147893,12108.179018146022,1026.4065511902204,1,4.240353734067125,1
10,73482.53196566198,1,7.557731626626786,3166.912953642373,13925.826535135135,1,52.873852302110386,1
10,119367.01845152577,2,5.370351073659828,35857.73014267399,1538.326179615472,1,19.112792986227202,0
1000,280671.7809694481,1,8.17725385608719,85858.89027154038,1010.2835049670773,1,14.832138965533353,0
10,1011433.7724982667,3,2.268351689169122,794.5954910432987,1069.484225188596,1,86.24008780485212,1
10,579647.0222091783,3,4.995192318162292,6693.753985702405,1058.369828361753,1,63.242823843778254,0
200,45345.60380905131,3,5.117968443179195,4364.410282772222,12474.832358607868,1,24.42878798243679,0
200,2370.044737590016,3,6.159714570590264,25452.21192481964,3415.723259149702,0,12.820745045160212,0
200,187329.05169323247,4,5.362853240227943,298509.21269313816,2120.6618374204936,1,0.5436318883045427,0
1000,103873.6951246561,2,4.901941318323926,14218.049052743678,253.44263909610316,1,3.4102904444891746,1
10,204991.39298416747,1,5.773617041378405,185413.53456697988,409.2261748041989,1,25.825662756864332,1
10,305276.4914433768,3,8.188884783498393,6153.799136509405,443210.8946340284,1,53.74216086311789,0
10,69160.22308384115,1,4.597016932104964,15395.236616950237,53310.575846373635,1,20.771528868845756,0
10,431780.4847853033,4,4.817200884981771,42039.753643190845,61752.49241703069,1,25.41270345074837,0
10,474557.0070968901,4,5.388215261906716,14901.531883856636,2246.095138010401,1,22.705559674435253,0
1000,12910.692877142215,4,4.681909579199897,11841.72498622524,806.4498543244744,1,19.98768621775192,1
1000,289042.5167277551,3,5.787594596432503,9943.164536044462,10458.942102999745,0,60.50888885983215,1
10,154723.9324051603,1,6.251261867292001,43363.55565406574,3200.7234714607766,1,34.70682030789959,0
10,11164.508681437166,4,3.1806331660363325,238899.60235444503,391.913262661072,1,40.82397661336262,1
10,22536.08304581147,1,7.4937834310694384,2095.721840377043,3529.8487125900906,0,2.0162878046822614,1
10,214342.9568199572,3,5.765977969481857,120478.18486183757,10635.316648961385,1,12.159831851138522,1
10,122462.63485354863,3,0.7585996947298677,31290.58270327133,46528.89378958286,0,16.520213866697517,0
10,158070.10395993377,3,2.66444089746413,1417.3068162374636,2245.5434181771143,1,24.256007928748495,0
200,11437.080418348785,1,9.823353351156843,4678.674208345803,356546.25948620803,1,21.63873611150153,1
10,55805.02129471267,4,0.5235375333500558,40271.52883760769,21754.25020304852,1,25.705370173620338,0
200,56971.67768950308,4,5.670116058168235,73584.47683454504,374.6033949590013,1,2.1445580994035898,1
50,26928.722328421085,2,8.181164145235702,930.4296542774714,36.50732966245072,1,39.553983489399535,0
10,248781.72962359438,3,2.9229123583120553,159585.08031915105,523.9655961811355,0,7.7545094373700145,1
10,5415.6667505694595,3,5.388103887211748,6843.738436126848,1409.4173887299753,1,41.791083114265625,0
10,23015.410885603826,2,6.194456436506769,46476.26910239822,961.8391801138573,1,98.73114640367506,0
50,9495.642396917074,3,0.0,51863.60110339043,206.59880781689938,1,35.04939517976119,0
10,638055.0983481046,2,7.963326804925197,618.470236923968,1624.3635385680643,1,6.417399654703442,1
200,12116.57350310635,3,1.1812878249854144,3783.8293099664543,1724.2397292855828,1,0.6183779440795454,1
200,89982.29932412035,1,3.7292752223487415,1328583.8939562258,78443.41290018361,0,50.821758422185226,1
50,5739.995968463067,1,4.845557909553909,2509.630564321837,275.6644950546627,1,25.378674627856217,0
50,180289.05069244176,1,1.2841970972034256,19632.94877934316,6958.915796909514,1,3.289068764973623,1
50,268758.67550470005,1,2.4015672731083515,81699.86755234681,14047.928738937135,1,7.776944256379736,0
10,301951.3679606689,2,2.79027441387496,294232.66872647376,8621.826134651172,1,53.164473511538546,1
50,31156.259284594624,4,2.897380176721311,7317.590549920962,2392.2485118739,1,3.649198224873665,1
10,3009.1006813582926,3,4.8132262822001035,3288.4727972594756,1524.6373176484244,1,5.609064174598276,1
50,63386.438721418286,1,8.808273179146013,261792.5080629948,1167.952825305619,1,46.22654192210516,1
5000,2300.762068063548,3,3.068670392953584,59444.61011194059,13451.406163062326,1,9.546619887066518,1
50,9754.245310998907,2,5.946943798070457,130954.7828794323,746.4274695177243,1,48.337815439248374,1
5000,229300.77072344683,2,5.9641334546707725,10243.161803163237,41807.37421448195,0,15.112761093638904,1
10,354532.83071589645,2,8.334448223102275,108628.33453711995,2099.40854791403,0,49.19229467546899,1
200,24968.837895096185,1,7.117457059767758,89087.79534550422,11035.383313124934,1,16.27769369091704,1
50,27002.82693007348,3,4.511839052651597,118058.67304164317,4847.330671079249,1,13.6153157581405,1
200,136930.4024014957,4,2.86753013620155,116219.22675973174,3075.935842438381,1,43.22697589876431,1
200,805.6155793857504,3,4.726009021115083,7175.862095121734,3190.902824090327,1,32.11803812785201,0
10,250023.90713303522,1,7.148636025431123,1884.905195398793,11887.433945971823,0,18.72720709146774,0
1000,25064.67655318345,2,3.16745179887255,386.218287034492,1313.4302593194366,1,24.373898319365694,1
10,51620.05404310627,4,5.722834634546206,35819.47135124608,4461.792232994375,1,5.041372812886575,1
1000,355428.3914258093,2,5.037638099481197,989.2781164837862,375.17084363568273,1,31.061209436373932,1
10,315860.32042443956,2,7.65786663907082,14108.864946951033,1166.47107129601,1,10.257082250935222,0
10,12838.799177685774,4,8.370028557417019,4203.225366969662,2697.928922061698,1,22.34211146887642,0
10,30958.516583581244,2,6.578113374751037,44487.33410134829,94131.97738426388,1,22.640076569358865,1
50,67369.84447784355,3,4.167611190229492,312032.9961810094,1104.2664297714714,1,18.18062461797794,1
10,60148.334399023275,1,4.261585599105108,210146.5663524291,542.1543361802945,1,7.213906202586542,1
10,173542.4862145107,1,1.3366355055879477,19806.91496970038,2082.86150182106,1,24.92411368339116,0
50,93801.7574171896,3,1.2399799321844727,8170.159056134838,1264.827396208313,1,0.36430105370550625,1
50,1540324.270296411,2,6.390405800167999,232588.33785168082,465.17600395171274,1,42.03202500581559,1
50,2212.3068310485783,1,6.116279029037012,30826.180123840975,6833.182353315766,1,33.93485589617195,0
1000,372556.0508438431,1,0.7455451592970093,583453.166571229,8715.233929675482,0,27.809898778810005,0
1000,211285.44613166148,1,2.593598289221711,2737.6211001905813,101.35779126541973,1,12.264194605398998,1
10,9266.90886252772,3,7.400523499477659,1689381.7239763066,2654.959024559927,1,18.336876132353314,1
10,287980.3287742741,2,3.921754593702043,1253.501821778341,7775.41340627398,1,1.001290307176328,0
50,1536291.702219439,4,5.247095391911165,17806.627437582032,3727.8924137140743,1,11.278690427713515,1
50,217664.51459590602,4,1.6628014822436095,6769.722426093785,13383.067383658814,1,27.441026271334785,0
200,40596.485640683604,1,4.425104961199289,51983.50031631695,11405.175203076873,1,26.728123498663738,0
10,125935.2080636103,2,4.871623645783004,877.3142761207782,50431.66732361676,1,8.776516100107363,0
50,52447.970940121726,4,3.826937460872129,869.767926729851,2120.121058758295,1,26.44596530233055,0
50,22495.35294417063,3,2.915911175513794,2112.299604859517,421.1549879218425,0,111.916250951973,0
10,62512.21361058115,4,5.999728247480743,38639.04221271453,6763.340727123194,1,5.735194634132695,1
200,362442.40645759646,2,6.800797176790127,3969.1064379467066,383.08763999677797,1,40.88313066071142,0
200,1318829.771949162,1,6.064012397643886,6247.58358100792,2302.916793928308,1,34.8130756011122,1
10,383626.46361979283,4,7.3734692403546624,18335.382677524685,115.12173782864923,1,7.86022849892608,0
10,128901.50947426696,1,6.916771639684085,107335.91847896451,3174.7466870067615,1,44.73410796175382,1
10,51522.24243113455,3,2.69333519358851,40733.541171128825,2717.5270296719495,1,25.620156917181767,0
10,4900.653728520384,1,1.9667149011584177,5326.352854709148,3468.19609358035,1,46.12354639666043,0
10,103885.87919757822,1,8.906518275053136,1462822.9851679513,149.17299351730904,1,28.684052124531384,0
200,45508.54267171561,3,3.6501319624188957,5786.654576944789,1039.9590598252328,1,24.204814976937254,0
200,80568.75314238724,1,8.408211032510982,229448.94673728052,4829.414398808579,1,17.460502419098795,1
10,407451.7476230416,2,2.201387650396117,309.453781348912,6087.2123793779865,1,42.90855467803437,0
50,397868.2324251761,4,7.274629084729458,4514.0638662937135,5206.16940191672,1,21.20339294533781,1
10,78420.54509020952,1,8.032788110507145,751.1714520664422,44.758773043084645,1,7.902681393070995,1
10,170644.03009942189,1,8.665114086958404,1756.3677657935546,5512.046415217542,1,0.8881377576351744,1
50,28548.655617117736,4,4.000539647696739,64381.51386080867,1154.7551969425397,1,57.42569362715231,0
10,29367.518071830378,4,3.745373108097394,1472.8913034688753,8659.520545809757,1,80.62279306084501,0
50,223249.09296494574,2,1.4282670161317776,33664.0811320536,60.416152177952874,1,55.24862083509143,0
50,139841.4372210899,1,6.330833647383558,19542.51666674434,32278.98600955011,1,22.21711182148064,0
10,44980.142737134935,2,3.5623352247825393,900771.2588319654,83072.22293757183,0,42.90172104090065,1
10,71929.82389306315,1,2.4256728628315,3071.7839049910963,3033.7880821609665,1,6.15638227486473,0
200,748.4274520835155,1,6.139520714397294,187936.55856566908,1346.620628435358,1,86.12976415394621,1
50,675402.1256698801,1,2.978803560142173,20581.53406477431,25.314729561467544,1,30.437404099185514,0
200,34340.42469980754,1,7.457961004978124,161496.12536713158,1049.1513308049302,1,46.80009882702762,0
50,36958.37000452436,1,6.536414433263475,4447.595920516548,954.4167787209765,1,27.943273433044713,0
50,129820.606516392,1,3.070924410179617,1308169.390239621,33.15306237158388,1,3.580542444392742,1
10,1649172.9905671545,3,4.586777440607907,5553.751447302273,6414.628598084363,1,65.5608855876078,0
50,124212.919615337,1,7.989876454906472,280347.4046229661,7384.740436972667,1,7.5113400334147356,1
50,171400.65617539512,2,1.7390535125697197,1706.0542508245887,7108.206866480755,1,58.70016712938595,0
50,495846.2413046892,1,5.926369590535169,6194.569527863311,1013.7280684086783,1,7.9818851223269025,0
10,47202.66540666995,4,3.49512952529393,58865.54915304395,109410.28731783609,1,7.230682554756232,0
10,741589.5641898863,1,7.318148129911796,89446.9708542607,47.04136391526719,1,15.227668058887838,1
1000,74832.02288643524,2,5.864525901268311,1055.9312413832763,18323.224402677322,1,9.665997721713904,1
50,118637.94532848147,2,7.741072287993427,21782.87550300659,1901.3014196912695,1,11.273580967747769,0
50,15047.838075363668,3,8.263713798178218,16484.74755610451,132.8542326832649,1,14.71913959481845,0
50,1038.104320894641,3,5.465573485880327,2590.527687299258,368.3159128192377,1,7.458065307891395,0
10,330981.52652320743,2,4.562693445129928,47798.18567962499,3825.7285523574815,0,39.98600882801751,0
50,53132.17272598553,3,4.74469063696362,219551.9236545107,90145.84940594225,1,9.62866987074105,0
50,78970.28763326514,4,2.9484946327194455,89936.20220628253,9019.453847227034,1,8.9628713031785,0
10,42982.73228499941,2,4.280740655095075,3020.816991700148,49.36714319680796,1,28.846064316605766,0
1000,586527.056342959,1,6.329854324603482,6933.766467434053,7021.162638463495,1,35.77192012649425,1
50,113028.87526728398,2,3.3900670382948785,26897.104188726156,102368.93599281213,1,59.83885501901997,0
200,150700.72960149875,1,2.521894594946715,3801.125162630213,4541.409011508191,1,37.157946984627216,0
10,90992.49309689568,1,5.007391343695694,70648.71264403567,5.254834595776342,1,68.42347706124755,0
1000,25216.010244060457,4,2.691274663534031,9269.198868040708,14606.191101923792,1,1.0878519463272993,1
10,36900.494895350465,1,3.5293930786360956,42146.93349989518,1066.5652811733746,1,22.360510766758082,0
50,80531.15498959523,2,6.690315942368644,37744.29076255281,2063.775215974547,1,20.49488341232482,0
10,40698.03922030902,3,5.59124897749419,6446.893796199585,594.2179324751589,1,18.631453346283127,0
10,165526.86832694884,2,4.1806268147410055,48610.639098342675,836.4612869360831,1,7.567517749009421,0
50,732967.5842743367,3,7.3403974183932075,6655.007373801945,157.43629457253618,1,88.54158997064516,0
10,108009.7477622774,3,7.437941579587326,25838.03649871275,8184.866477074817,1,19.064696118788895,0
10,19386.13550482691,2,7.7690640951878125,4069.8113484649707,2863.507343818214,1,27.06658596024098,0
50,21191.777469005443,1,4.20754064379648,2541.0053897636635,64902.92426177735,1,117.23261312136951,1
50,373827.8002722504,4,6.8275432427711715,86053.51534431822,1014.8319642503016,1,14.900496560121098,0
50,9123.108463085395,1,7.381097188687193,31331.512055469502,863.0354289560261,0,7.235409925480172,1
10,22803.635443856718,2,5.28196539922412,66421.22537485858,543.9043988999725,1,18.617063389068367,0
10,38036.2704981017,4,3.575652271647913,18221.391453024484,1953.2140790611934,1,17.8886842945246,0
50,1221153.922925388,1,4.473103567835501,18630.66355104839,4927.727938853465,1,39.33723794931684,1
200,60811.17982583737,4,4.7212055986735315,40755.79457837902,11829.230568418177,1,20.94766256597448,0
10,34633.29929801189,3,2.8582951626311224,6491.7324815879865,360.66097875594176,1,5.810793422973158,1
1000,3135.252888293452,3,5.378959642442162,2081.9925502207593,186549.53443937615,1,18.16329216615006,1
50,176033.56498819203,2,8.046477243424516,534.4971811692355,6625.195788760956,1,10.253499800756645,0
200,57622.52870194332,1,3.3228284031055377,41733.07845136264,4367.0065278045995,1,21.839668278157323,0
1000,23917.037824842122,4,3.608610245605872,169911.1250600582,821.6540690909789,1,11.985394278728787,1
50,64193.34489507101,1,0.799946984696752,16053.66275016224,2763.3910243359874,1,24.480477280899994,0
1000,165514.31727902388,1,3.4864720459681475,685621.6511908009,2828.433810132604,1,6.7383250842801115,0
5000,299673.13953777496,1,7.4617490263094695,122519.85660973041,276.46193962082214,1,26.699079367099465,1
50,41695.39263092244,2,6.259059168443621,41947.10175946145,235.09808386433795,1,28.534849199252214,0
5000,366791.6834637507,3,5.723322122494033,95216.7361306012,542.7645690019277,1,55.23292327920978,1
5000,186911.94165358003,2,5.52804016266734,336087.1248309193,271.52850959174714,1,31.809724611254314,1
50,73153.21506619673,4,1.3640415492256905,2447.345262290868,78.13823052168826,1,21.589491832461245,0
200,17179.40635201384,1,6.696348425333336,95107.25228074317,826.0591323327857,1,14.16314226499022,0
1000,190526.78473952194,1,3.7253845059424107,1365.8826787006165,1402435.2396299792,1,28.897249334954914,0
50,37734.59709995341,2,8.908314867500572,161322.86813647923,22344.02890350937,1,10.491356991044507,1
5000,30081.739505490314,2,6.666667823560614,59119.121463476244,487974.98215018405,1,31.20643565519564,1
10,23003.232387486303,3,5.343678679587063,30362.975924881677,4876.422962737989,1,37.3446732683233,0
50,2965406.4725990766,4,7.34551369053489,12289.281460627428,6870.074158108209,0,33.38450167068926,1
50,83841.02522569029,1,3.7842494786483645,16319.541958270403,969.049603803839,1,50.00606916631353,0
10,31337.462033274773,2,1.8048016608091357,22084.94375925397,1381.722574375787,1,85.73640469481963,1
200,21707.466244349165,4,4.48764049500924,565.4999704623096,2839.9290040266487,1,22.060062847756985,0
10,612773.5532334609,1,4.258983802819942,36950.05059694179,183.92518205782454,1,90.44216387666565,0
50,16901.034414991795,1,5.573911708603418,14142.31724635395,59.461129998213934,1,21.841499486179327,0
1000,1213645.6628287232,3,7.122741929746267,901.676430324926,25957.72743564501,1,144.90935720755968,1
10,14766.229491575335,2,3.9971957062287267,40699.13610859936,73.25621086033217,1,11.813656571537386,0
10,1488687.6796481567,4,4.452013836341392,1279.2767388961604,10295.658385723553,1,28.98374278356367,1
50,48970.5438292796,3,0.6952329107816393,223856.8550482734,23243.69604765679,1,4.632370261340906,1
50,45989.63303886205,2,3.723434546943012,839941.7438740719,4388.570838931886,1,40.50232933587525,1
200,79214.42418234798,2,7.682951831061763,187127.0187613792,1122.201701775406,1,24.043185739076776,1
200,21327.96672439867,1,5.7050099367137594,41036.614439861114,455.3532612348476,1,162.81318448981594,0
1000,2869257.967742038,1,5.448432808581586,40106.567409172036,586.605668216198,0,33.64342158298713,1
10,40604.83955889198,2,4.286653731640257,2021.5527794959853,73053.10199156955,1,114.1122999542512,0
50,27329.171376472226,3,6.882621161534967,46171.69516437136,259.6562446113003,1,1.9693170729583358,1
10,155244.6754397117,2,5.737466294635039,17197.8921771242,518.5978375543183,1,10.643394683938078,0
50,19519.75836948981,4,2.6094124728015107,7390.246744574838,313.8219453150582,0,12.934410132186532,0
50,519268.216355092,4,4.430249013260658,56561.55317396772,14260.65538561954,0,26.67019241205786,0
50,8228.551780906424,3,2.8868847144794945,102506.28081608692,5530.839470976254,1,69.52665292417912,1
50,2778158.7011330873,2,3.124148846927202,1434.7776832392249,1595.0543797665514,1,19.42345119487677,1
10,54250.88628882848,2,6.707951953104447,1486.0929534582826,12124.573790021512,1,47.208140667359544,0
10,13229.257751295567,1,4.090904562513112,27306.737584262693,1550.9974281422665,1,26.88835000472861,0
10,262654.56151832343,2,4.247398550150008,1531.1024193440644,1711.2386812769837,1,11.688507520670319,0
50,41005.83886180944,4,3.935662873745621,260.6828358055105,281.96517524527263,1,53.01465985652178,0
10,524639.5983631164,2,5.167653255858722,421.386093979006,505.39539447977154,1,10.274176567955697,0
10,225182.09516634652,1,5.851687317259659,271252.99328277545,18995.3634881414,1,22.46429632359729,1
1000,296562.1342192513,3,9.02454089140153,3524.021760052128,11299.789137036158,1,6.369415519689249,1
50,240809.19866466874,3,3.0242533181985016,62305.456116670364,348.39745340593714,1,14.756737866065752,0
10,31502.6597750141,2,7.776675556416896,15926.697195385987,74536.28490856722,1,20.28954119865946,1
50,17302.645173963414,1,9.542899490845592,191015.9322131757,67.65867938896805,1,11.661805222603446,1
200,17102.491268752023,2,3.9803866136182346,538787.3387120992,39189.002960732265,1,17.615707563219747,1
50,94273.29135011756,1,3.792038748061541,268071.710826777,2999.7836662876393,0,97.71266118661313,1
50,40565.77393870037,2,8.715404687075464,145862.99492814348,666.2443844112598,1,16.630573488100843,1
50,98882.26559309317,2,1.8703944572758897,16309.679133075399,27218.880093810258,1,10.196731927390106,0
50,45237.991548186794,1,6.409013079649446,1414.146003859396,1203.1846853119243,1,5.651757931772916,1
10,62607.115029241366,2,7.549750082557445,9600.519246683936,556.8047567228056,1,20.485716525892236,0
5000,25322.535110460143,4,3.1510680237408915,7657.232512630116,277.9182889317283,1,18.741268694440787,1
200,133888.78415902355,1,5.777957458704368,573368.7102977392,2279.3362898927394,1,149.5654297351377,1
10,79749.72736574143,3,5.735298585982843,166920.81533652786,3507.1423659501556,1,0.4789450026252023,1
50,634745.9664102325,3,2.805394944734312,115434.59602470648,8620.956530598676,1,18.919723193572963,1
10,154920.18400935395,1,5.9070174251089345,2203.258162867975,12861.598028602555,0,72.09054254493982,0
50,6513.502746751266,2,4.80675265997022,158380.08299866028,644.038391706557,1,36.830671666962054,1
10,27558.528327628297,4,5.593151090281523,72611.76755143823,135.65641199354863,1,60.602285148291045,1
200,18079.86438687904,3,4.3959090010202715,10026.032987971368,941.2048852897295,1,2.9869360467292485,0
10,702937.1331076153,2,7.4461661341906495,6525.983736949052,803.2167164845175,1,9.457075877024863,0
50,158327.45237526472,1,8.006839656857998,33072.97984694396,6847.598315559512,0,32.26346571151391,1
1000,140737.38575453984,3,3.9671407122248565,83233.52502545285,23361.069094127226,1,32.111140842511176,0
50,144356.42618957307,4,7.361281824904289,3237.1321813862737,12164.59648418281,1,3.4261371102937885,1
10,29004.907145014324,3,5.433551127525258,549938.4882830272,30722.208972658384,1,5.946132006255331,1
50,20002.347888823617,3,6.463741408576591,257411.06700932208,735.8376864292992,1,4.9796253119836384,1
50,198771.82800236164,2,7.752992900039075,46185.62030828562,1435.8582672067832,0,111.97940600355675,0
10,97007.80413934888,4,1.2603673209356718,35020.33543821992,3505.768682874755,1,8.625161252227636,0
200,504214.1572518125,1,5.926412584198246,239299.29572590842,12541.956803423616,1,16.374431446332352,1
50,1373073.2822896189,3,3.5380874485690534,165867.33767381826,15587.597689401427,1,17.85259966561833,0
50,73090.56087623809,2,6.125761720348709,388.78413675347116,367.88037959367716,0,6.806775567259123,1
50,6163.399847097996,3,6.164053134169453,126074.81254073148,114.12904469028553,1,6.499706657380866,1
50,16717.633151370723,2,6.442270725091163,2541.544783051212,12062.290410025045,1,9.165043962822395,1
50,10780.482808648623,2,6.9106011164755055,100880.63937786769,28134.403700157207,1,26.58035608136121,1
1000,9521.9173088546,4,3.822266346522608,195188.9496984628,38.22834899009719,1,103.32862988183358,1
10,1577.5678578983582,1,7.901855096558424,2479.3646065667554,332.80587108169027,1,74.70306555900392,1
200,16822.37320006349,3,3.7717548699833676,34417.00695764167,840.1136720660356,1,11.278765226490101,0
10,2650870.511195168,2,2.9666337428470055,64005.12833787838,2526.448781984876,1,22.029090863119006,1
50,65678.03164230152,1,4.84866879134834,7589.712596251336,4018.5797457818453,1,53.475424212168946,0
10,266838.8585535837,1,0.0,19377.046446763106,10560.843524505366,1,32.621826130850046,0
50,25890.13349816887,4,4.329724437657097,8815.821003889503,612.921222715875,1,3.05823528360796,0
50,72284.4768366591,2,8.04201245431876,68941.55645100547,20725.871950227556,1,3.665399761452566,1
10,272317.9602346571,4,4.482291199260336,45534.75937034219,1860.4571392249281,1,48.819164249731564,0
1000,18926.222103129774,2,3.6958222228138786,20537.028005246466,47956.456691861196,1,36.47410942537233,1
1000,2202543.4801247055,2,4.767541913756084,150333.22249955806,1215.5042945977214,1,4.189613409879491,1
200,9958.436964088536,2,5.159195724752073,19220.893119177337,631.5962554350507,1,109.13661988142903,0
1000,108970.73990194542,3,7.953868852236549,156026.18381473885,11744.960014260421,1,51.708060614106195,1
1000,7705.440774224581,1,7.657281656496462,6004.990959425521,2062.5706427108325,1,23.111819915721092,1
1000,49880.166481317225,2,5.950335492990764,175011.29333126146,2926.713187189366,1,2.2529709089313186,1
50,44118.27875703037,1,3.581117995144907,31650.281611298637,6016.92093734291,1,3.0174955607540213,1
1000,49279.770956576634,2,5.893745001605396,149254.23003127528,358155.9557696731,1,46.44306725614123,1
5000,115846.54137530492,3,0.0,3010.0231125251953,73767.84541180953,1,0.7419050492918327,1
10,98515.63010626567,1,4.604124542030636,1372.3266994716464,27924.63821640436,1,21.871870478518662,0
50,138235.69741468356,2,4.283941240506028,33363.13086042862,2593.420898440521,1,5.953514135280141,0
200,156570.9110200611,4,3.3338878859984824,429.6588720911276,10989.116757717085,1,6.736957190169792,1
10,128144.14558415866,1,7.181960850371934,402412.7133063941,165.6023563763236,1,2.044901772594655,1
10,53276.15861140561,1,5.836411511775944,146055.10885298095,2484.553586898913,1,1.1685493338958464,1
10,113125.02699170138,1,4.266985959263897,57631.016663663206,364.5826797602099,1,70.02150100113131,0
200,44779.72777996877,2,3.1918634205279997,17773.61740241042,271.2974309181007,1,12.568621967955696,0
50,77313.53633681545,2,3.2067155453695837,35848.62203654852,5716.749385420457,1,2.8668385298131445,1
10,71970.05969844482,3,6.681468964259098,37202.58838838062,1387.272966745628,0,2.625754111362951,1
10,6822.485650886294,2,5.087029337286932,41913.24152160906,2990.6261605797326,1,37.15416016677285,1
10,106057.5952899623,4,4.243984201963565,407.0501673287385,996.4404628301467,1,48.905944590219654,0
10,140571.9334766288,3,5.85097986648046,17877.789548188037,28105.56868660461,1,48.74348000024316,0
200,48645.56995806648,3,4.568664724904735,16911.122528201842,39399.83266693328,1,15.252816275099208,0
50,568717.8305353103,3,4.229956376574273,29322.12236857609,4698.467879476972,0,111.30594762816933,0
10,58136.17029881948,1,5.972072578835274,98.61434489671375,24269.247723704746,1,4.994562181939501,1
1000,59331.3808291134,4,8.298961788647842,328451.9334284744,4898.333308091517,1,16.25726409749412,1
200,316332.6924459328,3,1.5047269803434768,3390.753348815957,5001.732395408106,1,13.716547279616513,0
10,17321.07884138638,4,2.2891049937754215,240616.89531543522,466.32990690540896,1,50.9648215733418,1
10,359536.12697934697,3,8.974122223398883,107618.88004688373,5334.202823536072,0,47.82872197390958,0
10,854590.2514732118,2,4.31818424530784,24221.281741690233,6316.444282300787,0,1.3775806854354842,1
10,59060.729379899065,1,3.488416999683274,502.69300595117306,916.9887465222647,1,90.1006887692664,1
50,65953.92177199908,2,5.082651264541237,17647.949490588144,125.90827510694352,1,1.0625734875433368,1
50,471446.17611925857,2,6.554814705529022,4152.377662687936,36543.75722150277,1,46.20667624328385,0
10,29686.515497337252,1,5.584385456652746,1027.2071362753668,762.9858835443772,1,5.617380064102917,1
10,10082.962239866049,1,0.02334529317402101,123555.66024638552,251.5717929724495,1,34.18734659148969,1
200,6448.865097579908,3,3.277824179652859,3308.3821268946035,37161.86964627599,1,31.921204953637265,0
10,139506.11021079205,1,3.3073680450685283,398160.8700805596,3758.026285349576,1,36.614361690868606,1
10,211277.9913253355,1,7.307180686633851,1354.2591923327902,1136.1184442237152,1,11.95822970366994,0
50,13373.717128764692,1,6.9556310993724,8757.454293493025,2066.0597728643806,1,16.84266658758062,0
10,622978.1937124303,3,1.2336995838828324,961.7013320230985,1519.6111312874261,1,27.923823684709344,0
200,23427.268601580876,2,3.9375714107848028,8920.446284135362,1151.026131758468,1,1.592078112186919,1
200,7562.984436286061,2,4.341104427305817,31488.870144140015,56504.15089670163,1,0.20433955426157138,1
200,106181.28820583687,4,6.016537279349179,10035.604372529107,354.80203511375714,1,95.99826263359776,0
10,30660.327994831496,1,4.025594157610145,55755.96767509879,737068.0402303208,1,62.03857215345663,1
50,67739.5839111306,4,4.113911957743035,1006.6637955365296,26692.55095342431,0,4.072394443958842,1
10,97606.02234706849,1,8.794577389546223,889775.3399072683,11151.173256656235,0,57.55500331729068,1
5000,89419.00040801101,2,5.901206825725078,14754.373767335674,348.14626115921936,1,34.89114567320279,1
10,235714.57859616773,3,3.948240648209592,7698.171653346054,45545.08303250887,1,0.38515626682736626,1
200,30338.04838482452,1,5.8328920762029055,164694.74737700404,1771.14572329812,1,12.751644473366103,1
50,62818.58345675892,1,4.255361894124154,53.771055504216264,548.4693492320976,1,98.80029946607506,0
200,82962.94238339622,1,6.490010625754563,34491.54460507405,5488.91703171791,1,4.870725883464553,1
10,52271.160659705136,1,2.652240071182055,217202.66507728348,877.1978158336221,1,10.940196464191065,0
10,51191.36641970803,2,3.93709089728157,357311.24507192493,426.01347042269526,1,91.80787584686955,1
10,4404.70836985664,4,3.830764538685601,1148.4289362425259,4749.222383327556,1,17.236066672339515,0
10,129270.02300826908,1,7.994863366359253,30823.438846761375,39502.55643439387,1,174.1794678460344,1
1000,18864.557074121818,2,5.408778063205953,54028.74663691438,3099.253363678314,1,34.141042568352596,1
10,5322.284477269504,1,4.338421551344886,6837.549547673524,6216.86364286475,1,49.53234616010839,0
200,215372.2786119706,1,5.399620867437427,2699.141402052477,35.133601566486874,0,31.50258916516491,1
50,31064.238513519114,4,4.4239222521558474,73955.02855825798,18413.456344312566,1,39.52969295686096,0
10,667315.5917389323,3,3.533687605780007,1780573.8969227704,131.9503888576167,1,21.08014027512884,1
50,355238.77867565816,3,4.088920947952259,467924.7253882661,37.244053618108246,1,4.189034676160093,1
10,688723.3426148788,3,7.394493847290455,48368.985894576115,2052.147480656773,1,14.035392956002962,0
10,41231.72695569509,1,5.8826143033984915,30594.9282500515,898.1669402975483,1,21.804004918099686,0
200,21176.390899845395,4,4.073677275829202,1277.4673017255834,685.2381201758515,0,56.161870222340895,0
200,42964.07432363417,3,5.3694209495621665,402943.2257954964,4271.963083469881,1,14.882654729051668,1
10,15815.752773280503,2,3.7445321878309885,450566.98116469383,888.6358453240794,1,20.544626575673853,1
10,8559.115018194978,4,7.116236650174301,2481.8254965093447,153.5507507305617,1,6.562695119931129,1
10,249063.0578990541,3,2.7768395009728977,50066.13801608368,1114.4164573527553,1,15.18646448276395,0
10,684892.854145692,1,5.415605014706626,446.24876451280755,57.286981572327015,1,19.78524722363127,0
200,25945.729860924595,4,6.220432339178445,33173.86893766641,8088.443813476403,1,19.089533527173916,0
10,41513.13022178061,1,5.648114056443121,9658.160744430388,98348.65403285633,1,31.841496137537284,0
50,83757.57785613275,2,1.9288557535857884,37404.66177240701,445.8011520003912,1,4.849744155571889,0
50,112255.01863508947,2,5.0368032615668765,39914.2446030142,74247.29409226222,1,23.428767102225507,0
10,56638.531687058305,4,3.1637460331668503,138389.81235666704,12.449987111945177,1,4.463078603430091,1
10,43759.548266761994,4,6.762815057847142,1455.132105271432,270.5750394061028,1,8.81987891367326,0
5000,4267.809006342508,2,8.882434872927497,59107.93206396713,579.8618854679538,1,68.67198509494841,1
50,50156.18970053008,1,4.838243004269078,287113.7390967065,6396.257533544257,1,2.072473027987367,0
5000,22608.555654421052,2,8.469873151673617,2865.8187375207767,261.6056956552756,1,31.34155602414644,1
1000,146693.41928003734,1,4.62620768367603,12581.885455516656,1378.366991616907,1,24.977262888039398,1
50,144765.0853565914,1,7.7108856022109915,17987.61172792807,14281.459278563112,1,15.90081047499271,1
50,6922.851516021702,1,7.692451512405496,254.4397226454065,867.4652962552253,1,117.43870598082614,1
50,15557.498613361193,3,5.502947217881024,10453.047399898094,8422.96759644788,1,3.3645741977217614,1
10,42746.8280950192,2,2.5164788490367513,11607.472966542844,1507284.7360858875,0,114.49241847907389,0
10,109046.7455602744,4,5.735239680419422,35161.11458193362,580.9328692924277,1,8.687722872762063,0
10,994451.5561513096,4,9.544869440893763,7286.804335757034,11800.131377790729,1,5.637800687616351,0
50,47806.48694657798,2,5.933341963932162,1737909.4211954908,14470.095860249976,1,33.58130238106139,1
5000,348088.06470096303,2,5.596316931981051,33568.28261723762,1015.2119154789995,1,3.1951099471626265,1
10,8266.497943109394,1,2.4129847495918084,239480.16923165935,700.6934861044153,1,42.18759051701746,1
200,25690.641327795183,2,4.591057558027757,1154.8615387686978,3625.061694029649,1,26.81181075592035,0
10,54382.21667860752,3,1.7210316749491317,10950.291386896712,21276.66658066403,1,17.94030694136768,0
10,13910.463263018226,2,6.552055827686951,3189.1425307037453,407.3415734189285,1,4.383140235363742,1
200,777.1372165942505,1,5.716907236419241,34100.525878919594,42215.89892609136,1,14.339136296988443,0
50,66203.33218884855,2,4.440379315245988,191.84375760745772,510931.410929495,1,77.56878072875116,0
1000,34614.144324996996,1,3.095367238522406,27476.06758044034,349209.41473962594,1,11.70157780533778,1
200,108413.21825290659,1,5.96775330237608,4542.909698783544,571.2209094703121,1,5.178367061315294,1
50,37029.82832194385,4,6.902898554116173,234165.21352603938,18901.890681350207,1,4.038209676335799,1
200,49982.50154563962,1,0.01345835933984496,188842.00830146822,793.8679320403023,1,32.271151681396404,1
200,37655.78279012652,4,6.336680977436162,95728.85919030654,1604.7135915754072,1,32.66246774500712,0
10,36237.03719972026,2,6.390804949100597,457.8284703120285,13511.975935162847,1,59.759848472919685,0
50,1308393.6153691488,1,7.014887946390397,388549.08994200744,182.06960211112616,0,14.625943892522683,1
50,26226.936419732152,3,5.817214615403535,10470.156334789723,2561.266389688006,1,7.973557791005404,0
10,78829.28782263015,3,4.168066144105283,5303.135590667067,312.2720897768908,1,5.861541344075154,1
10,28800.06398380445,2,6.424644319160324,37313.169906228846,2744.6658770912118,1,6.249812028823112,1
50,19892.790025837185,3,6.7232722489958885,29486.06153796551,208.2188598511062,1,38.71544004624623,0
50,215165.0124894658,3,5.585430964283707,59891.272135159576,2643.674056274314,1,67.19805222758887,0
10,18055.61489720282,3,3.3358773903002867,148.9898175491737,17194.551913076164,1,45.010293768605806,0
200,356298.7333797659,1,3.1033039915515985,41140.83341129718,1161.385023564611,1,4.062768349086181,1
1000,8368.631516371473,1,6.479306303449343,2462.571042333984,759.5540125412508,1,56.59880224715233,1
1000,14328.517878748187,1,4.7059491531383,74444.61555358379,10820.425368852391,0,7.28660633532517,1
10,26387.17373284185,4,4.22015258688111,12151.98538404714,1088.831914118262,1,24.234508233454516,0
10,121433.6539482437,2,2.534953370462982,71742.89630389429,83341.66100530539,0,13.538476950193896,0
5000,7969.079212658804,2,8.61861269946622,8152.956896027481,15183.456415633369,1,23.229472492591206,1
10,64427.13056791652,3,3.8328013473079903,18804.760150645696,3474.5426606903816,0,37.40655606009953,0
1000,4218.947429610434,4,4.514637446375933,32331.441983346507,7013.757036482458,1,1.512237655095038,1
10,108036.89607981248,4,6.628303524236533,610.2001968800105,1816.188155263251,1,27.87380456002376,0
50,21979.474499162345,3,2.6764323121752724,217958.57227667942,1139.9094598194683,1,30.67045429554527,1
50,10213.241189810207,2,6.022999150723723,122198.85557370042,7056.643821234152,1,12.482961042403634,1
50,25684.13081151296,1,5.433249950809238,3139.3037152188444,16577.433977579753,0,43.26884135892778,0
10,87035.86251932412,1,2.882184825886799,832.0910626462758,3141.3549719322077,1,61.50277133657707,0
10,1522649.2752455242,4,9.563303673077685,287273.9554040406,9063.804137929372,0,16.759503633333782,1
200,561873.9713377568,3,5.800962773012658,5738.93428813159,1121.2817862505842,1,16.238504572617803,0
200,418943.69895569136,3,3.5659677017441274,119563.84137242651,2122.3840434768913,1,9.6466477143992,1
5000,79863.4575430954,4,1.0977962719227503,215154.37485814752,3529.9428204758015,1,62.0432535157773,1
200,439016.0328872108,3,2.899718520795709,184.21205951796506,105825.84797711865,1,64.45724152452465,0
10,926356.6311540724,4,8.659240403432175,19414.082305930988,95067.19758510208,1,2.7285960598077477,0
10,170174.75713814178,2,4.892190301988522,2310.0115467442324,145.4623915716093,1,31.89340423471382,0
10,14897.821880247817,2,1.3198445109884944,18792.68826678204,2625.0439601984276,1,1.2492015409859143,1
10,32680.286152661807,4,2.7179829804945235,4804.409689051819,1912.6088084996234,1,79.46273642892355,0
50,159290.41388875362,4,3.564162218504796,1350.7585406718226,17008.921664596714,1,6.593749154280619,1
50,6455.275918703513,1,1.737448369078109,14267.476425782603,2916.868026419355,1,26.301881194819792,0
50,149021.33529478827,3,7.0229260708167125,59500.92758137792,4542.358631990932,1,12.91866311596756,0
200,97209.03216834445,1,2.4147493056954747,10919.452818495456,952.7684117601946,1,21.651381277102388,0
5000,9755.03140047837,1,5.643186422678477,6212.007864159913,1978.8015690248062,1,64.07522728330063,0
10,21208.087954196606,2,3.4834358622248196,1308186.1014669228,38633.65834432857,1,58.952221241366516,1
50,53892.7604180513,1,7.4001579128537225,43143.62417577994,6929.619250742288,1,2.600702204908965,1
10,14009.39307715919,2,4.6894819023505026,45310.577489163574,546.6828328169335,1,24.332064715719916,1
10,36920.39163342129,1,3.9695632123835143,907.3135438197978,13230.786830820945,1,24.184619023345128,0
10,236686.44139612047,1,4.099974284008373,71097.56746446229,5093.330795225446,1,0.11179787877849928,1
10,52890.49754787491,1,7.207754686632516,4793.238326093633,4432.801404319392,1,4.080862233836887,1
10,135957.87203762747,1,7.772698794525686,181277.28595596712,26848.539801031617,1,38.23547439527624,1
200,4011.9365890282775,1,5.911808390341405,57506.54639964984,47.026906889252615,1,63.713567658943354,1
50,19338.886540710075,4,5.874626374077922,69034.30351548479,18983.859915489636,1,26.709246821679827,0
1000,166514.42719015296,2,5.66771993313707,126044.9666126411,2035.0090822597504,1,12.239433766912583,1
10,355965.79016411636,3,6.224937588027204,16261.752105225956,1134.764388428897,1,82.52508534867174,1
50,244611.30242698354,1,6.303043982679012,23577.657397465147,3414.1267453256382,1,40.67996759144896,0
10,61207.94571967453,4,6.752911291005871,154230.43929586015,9888.77033282471,0,58.534444204005744,1
10,61289.79130131195,2,8.494726395831115,6484.885919945638,185.19374356185216,1,17.477560058516648,0
1000,22151.23707218036,2,0.0,88639.77772107186,177079.81127237747,1,8.718687862384293,1
50,430357.56144436635,1,6.808035109522629,22658.68565273961,404.87382808521727,1,21.0976253071506,0
200,38738.45998993923,4,6.144780622351352,332091.8185818607,3268.7353411700924,1,15.728477479667808,1
50,761143.0234518895,2,7.662678123976806,3074.605560596118,23065.957552108157,1,6.863696557925002,1
10,735906.6682716891,3,8.509866143294483,32165.721492832556,3174.1391194027565,1,19.92400826090546,0
10,1310924.5433998567,2,5.2523558073239345,10199.70648807933,29748.52386610135,1,29.56792344839565,1
200,146112.40657305327,4,6.086958757340186,68610.88058566031,6497.735744416552,1,2.6715101661264473,1
10,6073.63312937569,3,5.390049968056253,27088.816830457785,149.22939855944364,1,15.97370694626459,0
200,173257.5805284723,4,2.697971832760986,31475.140657627147,339.5928505443744,0,33.206477587690614,1
50,25418.47409800356,1,6.8307805511203235,81629.92228811196,51772.309960725586,1,5.903407008300966,1
10,164757.37863980688,2,8.038567847283538,66276.7969642897,10438.198348129737,1,8.720711139670527,0
10,24262.37097188438,1,3.8123771838625897,49435.5821610331,1013.1479637877645,1,0.8827637339500889,1
50,52932.52310403848,4,5.506330476075963,34597.02747484198,407.9493222020841,1,42.61461047979547,0
200,12026.560411563954,4,4.096681047680755,429.2990297561874,5377.306683832738,1,29.24472172060903,0
200,80890.6721852988,2,1.8460070356180056,61683.21878789387,735.9564308437054,1,11.174245576262313,1
200,5627.450431750568,4,4.538950749639499,71876.05695962906,19883.115693253618,1,11.449024770257715,0
1000,483111.8259372759,2,6.204236640784967,8582.43128245578,11689.49704987323,1,5.998123862802837,1
10,37879.4089314547,1,7.636604649705339,804076.7764529595,2897.0819756332335,1,27.827299032266083,1
50,31585.821295183105,3,5.888396654581344,27037.208376587532,637.5287671154209,1,27.01329987104454,0
10,95153.77240825063,3,4.523779127375892,161985.83203898347,36500.50817434509,1,7.067601002034007,1
10,8820.881931800172,2,2.6206666818192774,22056.566520296714,41084.52868298011,1,133.34800938997242,0
50,341546.8648954422,2,3.6644408870622276,35810.966206810044,7075.78295579477,0,14.737214182023418,0
10,68132.92289432668,3,4.191205153632078,145157.84685088738,5557.933900728275,1,25.924140294259427,1
50,134340.646156628,2,5.404657592845604,1017.221741411153,10087.49775895114,1,14.985219275053506,0
10,67047.0880577678,3,5.641571451865368,111061.4064716174,1497.9789120749767,1,65.30226442064519,1
10,14290.012290149198,3,4.776982345714113,3802.726142234398,200.42775572410514,1,10.848609555815155,0
10,42738.34891251449,2,5.62636894772996,26064.68104895632,310.9532380886945,1,6.827182465380906,0
50,1860607.9718871214,3,4.862731907829063,2429.5480201308073,2534.8964588512727,1,0.46147640099667203,1
50,2519319.2299576835,3,6.711111318041424,4639.333136729735,8130.438119583744,1,31.959666070298482,1
10,164203.29648004615,1,3.4088858641182354,9558.052157030323,8177.6788401372505,1,8.769067056494945,0
5000,142762.43719061976,3,6.216492383369937,15974.320784649486,233.417548361205,1,49.937495098783224,1
10,14718.227151219375,2,9.191687003618318,97238.0939936339,2162.804928035072,1,13.571956867832345,0
10,15879.685486351927,2,6.031256176887913,11094.916138961118,3076.0315638899297,1,37.12930804098889,0
10,605109.6309943161,3,7.20164279684521,1612.047574806077,1781.836759764666,1,19.663184199214253,0
10,109709.92711894475,2,4.345965364780458,48573.91662104752,1310.2197195701356,1,51.10994760017886,0
200,569207.5890435782,4,3.9511037274746963,8404.0419852128,1081.3685365969832,1,55.973593075658584,0
10,24138.82189398891,1,6.785907740217539,9573.454477692727,475.3482963360508,1,11.378732886981274,0
200,377150.5923313931,4,3.0405575505663864,85857.19922163311,1720.3953510568167,1,1.9999251365411317,1
50,5489.044083173675,2,6.113106249067516,1431.2210978236842,12908.717839927413,1,9.881616199608164,0
50,78553.27516118182,2,6.277320337286205,33492.22028434923,1172.0180559243922,1,28.22581809181524,0
50,296031.32712801604,4,4.041014065201513,6213.5641049099795,6978.872269019869,1,81.36869529671331,0
10,113344.41047999966,4,3.8851538937833574,9654.432000549456,1339.7569858609595,1,21.424550441045756,0
50,7950.821054648166,2,5.102395803762171,50311.946068193974,187.91032655292452,1,22.355990164753834,0
200,30162.52730272443,1,5.154312992435433,776.0463108840975,30470.649719699184,1,19.06312018270857,0
10,182251.53239051424,2,1.9299195049352806,186.0732213850613,74.20666006184291,1,9.187851294964174,0
10,3092.701161923728,3,5.88600426089475,10132.60674092204,3295.9687122158907,1,15.790849243046539,1
1000,78015.46325760939,2,6.011178483671749,3636.0646474827117,4813.862408868103,1,0.2924312956338539,1
50,7447.556714918188,3,2.263369922334379,44140.068319784914,396.66914086995786,1,7.458812121510453,0
10,1409.3606314931415,1,1.1754900491604463,9952.801693048494,63417.536370445305,1,10.483794036881699,0
50,100685.37377196475,3,4.6253419631872505,14875.021818819143,20653.74727546502,1,7.7179655465304915,0
10,144285.03446648965,2,3.575558472701898,380404.95772484184,680.3483887317293,1,57.85160475911257,1
10,89373.13376291205,3,7.806739940250381,4152.0352264278845,784.9514199433864,1,9.99279274694853,1
50,672271.3865298424,3,5.448679313556165,402011.2685250448,5147.347789055779,1,8.766695332795566,1
10,134887.19186809406,1,4.081819379562017,12870.697480110728,2480.180043703566,0,17.060194870422794,0
50,80954.98756139464,2,8.156236115124369,2082.369603542352,225.62563784738325,1,3.7287835148845043,1
1000,101310.48090579295,4,7.441642597626096,2050.8573893216344,3909.3516969658663,1,20.682405233010975,1
1000,769366.2607436302,4,5.092005494506548,12411.906947028636,627.6364872776865,1,20.31089060758885,1
50,158784.2699150105,1,4.068388861763674,269867.2010052844,1859.6934501477042,1,76.3235522078615,1
10,13569.199967806659,2,3.096163079955529,354.1901470505459,800.514696973727,1,18.970122659796573,0
10,315092.33565913606,1,6.005489614981629,8304.802609563523,670.5617185616745,1,1.1894834983536957,1
10,470859.31246171775,1,4.193848021869939,19493.73980358492,1046.124877429512,1,128.9615036595105,0
50,135259.0413380909,1,2.2057636297740175,32772.99129697884,1853.1336798575815,1,31.63899277823316,0
10,24059.062395971552,2,2.878789867206798,65410.672007832785,1096.199378669623,1,27.22547365227462,0
50,302571.25988300156,4,6.778074244559784,88585.87311161924,874.833390577509,1,33.04264113595059,0
1000,21556.28097856363,3,3.7004695463034656,11459.88062591063,5340.7819475733595,1,0.8040873861336126,0
50,343557.24596728873,3,5.156286125939295,1254.7070782281346,144.74044000509684,1,35.10661961761602,0
10,22688.077232574247,4,4.357514467764177,26778.129060613424,597.1110864538986,1,9.469058695813033,1
50,12166.112571290398,3,0.0,277979.60380572866,20995.878566619565,1,0.1601524375114922,1
5000,81759.02913087576,1,6.239422891932272,5227.984432908267,19437.41284423872,1,26.366727791347298,1
50,113916.92691844859,2,8.945084353579617,118104.80991849002,177.30764618972353,1,118.07533152106443,1
200,77087.11804045275,2,4.176353262072685,120590.84699547579,5361.907458798638,1,24.412846281230244,1
10,955466.9893915711,1,4.852104868783215,5516.502544584667,1022.991705917624,1,0.32182383050493313,1
10,17003.687291031278,2,8.822838174279447,60413.41807234014,1783.101869075707,1,40.79926252036122,0
10,133917.4880951745,1,2.6439182652472386,7509.352202284659,344.803440597507,1,38.57509094338331,0
5000,63941.07326459546,1,4.31490159828447,61938.23956445151,235670.4689107285,1,23.383080517968985,1
50,57985.54640024757,1,4.845113078548013,675.5698890410764,248.51592622049645,1,31.415961518038486,0
10,34226.32185340351,2,0.024382686929841135,9315.000717767594,7430.705019701953,1,33.09493862098855,0
200,105904.89745020968,2,4.91435323737685,2207293.150935915,8880.147329999218,0,59.56218258972482,1
1000,33189.597633262994,1,8.064735449356231,1585.0454597731725,9750.371000833758,1,5.147182942575068,1
50,45673.800972439996,1,1.4479764919031957,3636.6539556983357,2089.7673238971365,1,28.65210820529638,1
10,299168.1311773171,4,0.9483842537772462,331421.3718287362,8203.492940616368,1,10.026617472499407,1
50,221227.29722345824,1,5.090445417999965,927.8065207007716,4149.766392180118,1,73.45539413691502,0
200,19271.49347038998,3,2.5810461291623894,1031.8175940968467,179.74170848114275,1,72.57885987215876,0
50,112341.50534071006,4,4.576666036137646,31932.422784771177,45558.52431342818,1,19.145926995178513,0
200,2325925.563255514,2,5.211507582542961,32310.73452998413,191.01087244124403,1,5.629762451760727,1
10,421937.2705985384,3,6.425424057722663,197718.65702438584,23362.351884328284,1,21.952733925913527,1
10,99481.37952610149,2,5.350573557867848,6904.767090332167,58.28529732281405,1,17.964390074006314,0
50,26098.095921178257,1,4.327490522637856,6133701.068565556,2852.440640820666,0,21.6237775622215,1
10,120528.91644835465,3,7.211800848714618,6535.835217880187,16068.155194308896,1,1.0431969145594013,1
10,289520.5604457714,4,6.970899371230437,31085.873690975783,2238.322922829784,1,127.75911985019123,0
50,49072.26960584703,1,7.559037339520318,44208.991655316946,249.85367033577785,1,3.286903690721744,1
10,38441.69223167298,1,2.3265491222481387,2180.192307871236,2856.951543453166,1,0.35139697048229107,1
10,197086.30720778916,4,9.330112135613206,30159.517922190105,922.5759491451821,1,14.03136941931577,0
10,26797.25758456725,1,6.3578939755244654,33974.52431627107,360.943349852638,1,18.168967750937938,0
50,181355.7265104857,1,4.7931375514194325,59973.806167556235,41399.189481499736,1,12.8419356455811,0
1000,306545.9463216295,2,2.31574450302977,6056.309232171775,1101.1124945221056,1,21.49469708530983,1
10,335358.7133832017,1,3.3943511120983154,113533.19104525806,4119.129169636842,1,3.1496149634099155,0
10,67693.40491420579,3,3.540795060385181,19432.86230759372,6637.374190720854,1,59.24860328224831,0
50,53046.55110853929,1,6.501158335043531,11567.37241389384,19081.821037952406,1,23.190669216547093,0
200,15093.539450277949,2,4.563908209215253,15288.589597993463,3855.4187328420853,1,10.185244349995347,0
10,57855.15894186021,1,2.4308314686000614,61582.01267488026,78706.41346574096,1,2.4898786201031777,0
10,115313.20818265509,3,0.0,26166.146515543936,8401.818118250574,0,6.580284630295297,1
10,28195.52801918839,2,4.406785081860403,15321.21388897922,1685.4898048489838,1,15.917978591551925,0
10,966212.2885951034,2,6.669502652649764,9861.661535386904,90.57775175810062,1,11.969840431104824,0
10,319957.59404404793,4,6.640688025224912,22816.209466747016,4910.329758854168,0,0.6669548368917887,1
10,47982.71498472762,2,7.4600011454383,171136.76397710826,970.0270979281115,1,57.64851384567976,1
50,125326.41040051241,4,6.709050454133232,45628.17110356572,221872.31877984764,1,85.9520221285516,0
10,74055.89096838015,4,5.61999796633111,14063.837397456049,311559.81202710717,1,7.512634965572743,0
1000,39300.2981640408,4,3.0799074094410726,342.3393832252376,78558.24571533962,1,80.70656578818554,1
10,13880.025108016107,1,0.5663623212918711,3656.785885259037,147.5635281880186,1,50.28791629630049,0
50,239653.767275217,2,3.728884317191193,51040.92729147118,64.83722244082314,0,21.311174121002857,0
1000,365771.2619874031,3,4.297171528572535,51438.0640470415,20141.516763088595,1,4.075745529977826,1
50,280807.6462639459,3,0.8317741210028231,357506.58304153685,101.797915131551,1,46.557690183579446,1
10,143364.6344727926,3,1.9085404266185337,2192.10037233918,1790.241953391742,0,9.118936341388103,0
50,221612.57805494612,1,8.146039450429713,42540.572960911464,1785.4724757696797,1,47.95529113367167,1
10,12067.795055147304,3,7.933081718557206,19637.938145654116,7615.616009633309,1,0.9144017687125462,0
50,35251.04879276226,1,7.047061288370689,225410.20509929213,667.6792347813798,1,21.987957319561243,1
50,780400.6496695533,1,6.044285091867872,7955.137893402526,1220.9188006086547,0,4.658746395708401,1
10,157664.75779301336,2,3.815288088695893,15322.87151606188,12653.05276035861,1,24.823010583887804,0
10,16042.971499861731,1,1.4122150042642194,38299.86042944812,3373.704594495685,0,21.14094703695289,1
10,115247.78092613291,1,5.390963463106582,3794.980058641574,8679.591959478601,1,13.627861731706458,0
10,85916.37936368282,1,3.190771250012468,100612.29792706235,5140.176998217604,1,0.5941611127104225,1
10,43434.821350810125,3,6.804554347573294,9299.806391903934,1884.15615456284,1,76.17562160937628,0
1000,26035.09488116887,2,5.829731000723821,5274.497251444379,8414.75810803537,1,29.75610570444237,1
50,9160.81899599386,2,6.790710861525199,4332.808631820724,11428.770870634962,1,2.6846003238806535,1
10,56424.981240342815,2,3.7905106709235747,4629.916477759282,1494.6847426415932,1,48.459379543424646,0
10,134248.0005226882,4,4.164180908468219,951.6878436993611,110770.63770777712,1,13.200224145709617,0
50,92998.33774350879,1,5.42514806126443,5803.999721946583,484.1818979791266,0,26.393098817743173,0
50,12940.934382596293,3,5.482643869833562,283.1197370034658,3933.5215306646323,1,12.146719307642032,0
50,943428.1754017208,1,4.679279837910339,101975.30448712375,20028.748412726607,1,56.147307251540276,0
50,335262.3249053639,3,7.202645915471525,8386.217121847349,85.80358319279938,1,5.380438177434605,1
10,262100.5788231643,4,5.031236667899206,105424.19785399704,117.51585376051459,1,10.8602679732388,0
10,16807.121552797104,2,2.7874129751767316,31978.92399024504,8153.322054626737,1,14.437035994524358,0
200,22446.421354266124,2,0.6201565900428934,3667.7537000138454,854.8953722598583,1,76.72389304398652,0
10,826012.4415347443,1,6.103481599821841,18468.419751291054,6609.706505325663,1,77.0354147863926,0
10,56622.7793497702,2,4.151527333203913,16981.49350808394,389.34715768649824,1,94.28222286988193,0
50,12883.719815408542,1,2.8156727345638206,659259.1384562306,7716.968402033106,1,31.520129460875694,1
10,37249.25879384035,1,2.765627076585995,481.409807829402,351.24746814358673,1,43.88503554200049,0
200,23512.540835453736,4,2.6488107887502967,10720.589914903245,57752.47801840519,1,15.43972257560245,0
50,7825.377781781548,4,7.053972526639464,32722.995455721375,86599.53016651676,1,17.55107485200243,1
1000,28759.570198977588,1,6.005568853790388,355.3821520186926,1488.6530693121617,1,20.979081972598507,1
50,307726.0385468267,1,7.401063316947745,78223.23847192212,408.6344408860761,1,12.670978995116062,1
50,497987.7877536847,3,2.4897292560532103,8142.52008131217,3721.093164997598,1,25.80859598341802,0
200,179684.91356970795,3,1.9656526066566418,556575.2058845104,10818.760433240377,1,26.264031639805744,1
5000,31446.616196504234,2,7.4791680128831235,8783.993778336246,31961.6155614437,1,15.276829638386406,1
10,111379.50870764458,2,3.035411931490641,75.32730467991958,8750.533198205963,1,0.5458970316696409,1
5000,242531.34720001693,4,2.8493752139015243,1038.6367207784663,2125.4835931492653,1,37.83025947995938,0
10,12491.281612801202,3,2.4390888579950665,966.7417404810639,5517.415069207203,0,8.71337210971625,0
50,53776.83681022292,1,4.908975509397516,7242.795332248317,1361.369516161679,1,58.636833580615914,1
10,70962.41259750574,3,5.933090622900254,624.9572022980889,755.8934944740521,1,3.9533105011798226,1
200,67186.85092393117,2,3.786269644285649,551.3737178414568,541.9785732189248,1,21.703707988409036,0
1000,137908.40530522275,4,6.514990298674971,119318.15209767957,3062.236251663816,1,20.538530416386315,1
10,92388.0542128949,3,2.816132199209374,22344.979273867604,1586.692102518239,1,47.55302643036354,0
50,3641.6606327749732,3,5.515951962442362,2557.13237872025,4539.654017098977,1,148.02680794482328,0
10,11830.2511821381,4,3.751309220573552,105267.49942691287,335.5318259426111,1,14.772458981456063,1
200,42628.64235793875,1,3.581958084739019,6679.122414173782,2037.580413681093,0,59.20034431538593,0
1000,46184.16473092872,1,3.1021669583503257,6896.045393404336,5731.375316389802,1,35.60567712396001,1
50,41325.45472337404,4,5.699600049135815,1930.3075384639772,182.92989472137302,1,46.57403998164684,0
200,12583.492429230662,1,8.697217666592824,18330.295674382567,4549.593352805986,1,18.05441636151537,1
50,12326.126215906776,2,6.374131591717832,18016.59504078222,174861.07322904863,1,18.271196983393597,0
1000,6904.4656445580495,1,4.526889425562108,13643.195197167634,24839.228575223548,1,4.5809493224069335,1
10,45219.49610102772,3,7.177539308433344,2177.1386822318827,847.8395346261846,1,12.429277481748954,0
200,13327.301907652305,4,4.809071505821854,3693.85153468509,1762.5316723048247,1,36.99965101442635,0
10,78162.98691671192,4,7.474876269368279,186606.7363802199,873.7766460472275,1,1.6034739304334122,1
10,86310.02808899802,2,5.77264663562312,383738.04167042836,525.041904133399,1,7.305585108785879,1
200,33268.38336420004,4,4.277378876065419,4063.061705899468,3517.640768179917,1,42.1793074071681,1
1000,131170.49336331087,1,1.5922568263465622,14690.43008105414,16941.89794491915,1,59.90392311826412,1
1000,183391.8407588456,1,6.770462965977982,2226257.5417601555,31841.103288934042,1,21.190012265363624,1
200,261097.25214588395,3,1.3587933989029657,1239911.0745304332,1654.2259671176946,1,17.22239812610522,1
50,115926.55313656684,4,2.3290368618002173,72051.36509146848,233.11590164644082,1,107.51365519725607,0
10,302903.96538575523,1,0.5062213320307896,218137.68845219325,4089.5018749189753,1,111.98911918926551,1
5000,71685.73050233266,1,8.251917830724127,47076.785049887374,653.5829677872734,1,18.622385455905633,1
50,51597.897490477524,2,4.698324576866609,8987.147385683855,1321.11256254091,1,115.1993974236182,0
10,15008.69116442428,3,4.871631677422362,66621.18947082547,3208.5219755983794,1,31.383018241013016,0
10,44599.37954536702,3,5.574657808806019,47064.73609742995,9972.444720354124,1,17.930353004506173,0
10,83176.9455366764,1,3.988506591476127,664204.4049300875,8400.021570820294,1,39.660384240050085,1
10,7937.158079744124,1,3.454681109458352,59167.509130355626,30323.55046824141,0,9.14011129473703,0
1000,85077.85852001207,1,3.4304761837445934,2372.992509020937,75553.78649036406,1,14.049210332480166,0
10,72559.09573223385,1,6.749034148265045,16307.152259087941,5209.127824933774,1,15.229279755174726,0
50,5745.551686592468,3,6.011931106911731,39757.74251002616,10071.562910112652,1,2.9907726292418095,1
10,357170.81230702903,2,4.250355886756388,4945.104764904869,1034.4218808111718,1,15.969564712403825,0
10,809316.7925536364,3,4.895191098845061,5766.205970348817,2629.9064541010534,1,6.922942316632074,1
1000,81176.78053680906,1,3.6064563631408504,172631.57238785693,10988.585192568567,1,17.192438158995337,1
200,31441.743137537505,1,7.65159329508438,1324.6107110722376,12927.286991993771,1,10.187544221345162,1
10,335423.28500972845,4,0.8259459627958625,2453.4816148351074,247.37737379908737,1,5.0998668309122746,0
5000,19864.809651832995,2,5.468048908706296,10130.501712373534,5818.961158539565,1,33.95990858648727,1
50,26826.5455711974,4,1.14465484130878,2063.0461508239327,1704.428381532138,1,41.20055132771245,0
50,23998.14217025442,2,5.145361048658683,5062.409984785012,4020.6381590137685,1,9.731437692980096,0
10,185352.08020916558,2,3.243353845640522,39410.75845239201,26481.81547579217,1,5.387894830371814,1
50,594886.701361141,4,6.693541550432988,75945.60171265838,945.5801452381328,0,27.981158393191354,0
10,7132.744773860017,3,8.352786054416406,2669.966657921864,3495.2041671445686,1,17.24928117983452,0
10,9548.024943207673,3,3.2864558123464143,33280.38763823793,316.3786339941787,1,15.991854712931621,0
50,8586.768804544645,2,3.1269872504208083,147271.28738386923,204.35442376392788,1,26.077716133308158,1
50,96958.25685640446,4,6.993141021158895,47018.96159160851,9648.182425736102,1,30.708781278641563,0
10,2368.269573285335,4,3.782820553520599,965963.5410629724,380.07792706364046,1,12.013202927492769,1
10,41694.041924580735,3,5.950861365053247,3548.847427370601,142.88790451815345,1,1.6107705349054977,1
10,29929.11606329716,2,4.986957369541084,48612.67421428199,1069.8262366847357,1,10.924564725363785,0
10,11632.182079654878,2,1.0658605928256955,632445.5106767729,3529.5779179057017,1,9.440238947854919,1
10,469999.926707358,2,5.103321953702159,7035.465521712416,11850.760866828767,1,14.963705939336137,0
10,57740.06566177477,2,4.5730864412991235,3244.9722905161543,22999.91888454323,1,26.57971876976443,0
200,63921.02842472926,4,9.249542806033922,33487.92373484264,133323.90849310858,1,38.47011116644982,0
50,43739.833352730144,4,7.661149808078081,45204.485385718704,59.73406492125872,1,27.958631227835774,1
1000,93725.85486441405,1,5.505137691993247,44388.70982094023,20492.492287127327,1,5.141468018727317,1
50,56513.6395377941,1,5.441082854027734,2405.9169219186538,4014.8433435961706,0,1.5158703405066565,1
10,20948.42571360082,4,3.240371292995891,29440.527542322518,7683.3799841259915,1,18.03723152910539,0
50,124714.286893468,3,3.2464524375763104,182705.04611131744,12797.911685525789,0,25.99191880677868,1
10,55592.54761320449,3,3.184487639706159,49816.707248811326,1813.0545389637914,1,11.611172174011934,0
10,6094.973187599118,4,3.938058204376071,17255.491778396132,20245.326630409178,1,26.779138067349695,0
50,113829.9157080296,1,9.105944049003327,39240.16058376486,48970.4754641986,0,24.959808503324865,1
10,45231.22950605969,4,4.17701371087564,604656.9214084062,3625.16233884554,1,59.487944229526484,1
10,74613.03700100878,2,5.047806086569911,329194.93363427446,1132.024623607918,1,8.834644335970065,1
50,7200502.345546819,1,7.127881975121712,2285.70570355418,11067.67830958433,0,52.81537485956875,1
10,91576.66848168109,2,4.633699057893411,287.3339604542499,37.01173632645809,1,5.4230182779097476,1
10,8738.65584826175,3,5.915373172107104,3712.1418384308718,7713.530097611399,1,5.61438295694001,1
50,488469.9114829221,4,4.7664681684095065,3017.7736916909676,13534.22184898116,1,16.261723847077263,0
50,31202.567399311163,2,6.19758877912382,88054.52568478134,3333.332654603138,1,109.19420222566461,0
10,21526.147285250285,2,2.9918908063159795,30300.667277304558,723.5561259387433,1,8.994062482515906,0
10,65476.43296907774,4,8.477702703706662,3971.914602983711,11146.741390789623,1,19.431099728783394,0
200,13590.323882484821,2,2.7395925506521523,1031878.6074344722,4381.707806182388,1,2.878248985543655,1
10,30691.659461911906,1,8.39991474915276,51179.388779300934,766.273145975737,1,106.11537070219785,1
200,57668.10702905214,2,4.032877032306926,6533.560388268726,188.4443218020262,1,0.45336346054342186,1
5000,209042.62184187918,4,4.334279191234978,38504.70329931396,24193.120357389544,1,52.844955968928964,1
50,83773.43245803943,3,7.165382107774146,8295.365921029059,686.4499771510385,1,0.012311208927487887,0
200,42628.309411533344,3,8.179677956361367,99654.71061613037,4975.798859065823,1,12.604147279164508,0
10,145216.67930736294,4,6.244139980612097,142380.1887994613,3837.699582324565,1,33.93133347852273,1
1000,78985.57017851516,3,3.6460097230829374,6294.109327790144,15591.360337716646,1,8.124920290650985,1
50,6657.0896576427185,3,3.3254751379005993,8726.511552886543,1033.8718104735744,1,41.94933135868947,0
1000,34525.66506484757,4,7.978226216656579,3202.2208290516087,12914.533226782796,1,4.526249946750957,1
1000,34743.30461017175,1,5.62261734688577,97574.49540012049,15923.136289310067,1,28.138579475186262,1
10,27609.98903192249,3,2.724628659150367,27522.116689533337,52.464950424682975,1,44.144038597845615,0
50,65219.88508261236,4,3.306298067749271,925080.1682224813,1264.3382588910858,1,60.2364601189386,1
50,86250.33112218538,1,6.245422447800538,21066.556070448427,12629.706425777955,0,118.94608692584092,0
50,393814.0759131316,4,5.914560809230482,240271.71884199453,2883.55537034266,1,39.40280427376042,1
50,23988.399624998547,1,5.060062958328165,1070.8769389166414,11137.896680796151,1,12.41867828088518,0
1000,1729.5237259799173,1,5.871950779000092,17148.245484222127,542.8972309618753,1,45.495071417686404,1
50,13067.256860171838,3,3.432492957751143,32522.41037021321,1732.5854365314087,1,2.863504081131825,1
10,38467.749063652176,4,1.2605166006091588,5668.693106150197,283274.8753187573,1,5.115214786800899,0
50,369404.1384932037,1,4.6283084956145055,303256.72276279965,20182.88009885634,0,64.88869249293194,1
50,203537.55632625695,3,10.0,131155.01188395027,552.8765500197757,0,26.803144676305592,1
50,35455.18578768649,4,7.902002876262673,1077754.3713030335,84107.04088165287,1,7.1369350651209,1
10,723523.8735556144,2,5.8566333847504755,13384.549665763598,4167.785887707186,1,75.81456971375965,0
1000,2911984.784051202,3,2.6566913053648764,82793.40351586691,1984.4115837951683,1,57.211968233930726,1
50,1320851.7859862032,1,4.224600167182878,57612.172906374886,5652.93626626107,1,45.6322537810863,1
50,18416.749146375307,3,3.2722340788204676,260277.54673739016,2367.9517315342628,1,15.4696193986955,1
10,28974.495280484545,2,4.875991981267936,58402.88651218864,14705.680096042412,1,52.341994778855934,0
200,5474.98819818542,4,8.256937109544644,23263.171336413954,84941.60894539428,1,62.695024391852584,0
10,33471.43475211087,4,1.074748616654842,25482.524845155618,434.7181874317876,1,10.633921456578356,0
10,1057107.572080324,1,7.591743563726029,19558.585743153268,39556.70847987887,1,25.366803389394747,1
1000,125623.58316258663,1,2.7954157003271534,21718.2897257436,754.4370187743932,1,50.25019585824836,1
1000,17758.53180476726,3,5.278120797306835,71011.62485922246,38.24697742611206,1,35.93146507244381,0
50,46384.61297098371,2,4.277074466612029,9714.579252432377,801.6092813108536,1,56.07442239075313,0
10,63014.819154597804,1,3.8889064410262666,410196.6170186038,12316.622218389723,1,15.607062230129472,1
10,227395.52779923618,2,6.395806545078055,101524.91985530531,688.1881000162651,1,0.007288918435873109,0
10,22538.148904549427,3,5.296178839596553,174710.71585217532,308.69053999615466,1,5.719279628412485,1
10,46192.87803568048,2,6.95684422405607,38433.98100580531,4616.160664183829,0,22.889417320272887,0
10,30794.045526587503,3,6.950624916955958,828038.8868264628,2322.0976817261653,1,4.653601366760699,1
1000,119225.28324033492,2,5.4225673845589455,165093.4032373846,39440.46812856915,1,70.71815416904626,1
50,62472.239196573784,4,6.794132393774264,1481.5551274677691,11762.915531007526,0,6.639713450551511,1
200,26165.912189419574,1,5.677105752571828,9440.864530279818,1963.8522511758488,1,4.05897071709945,1
50,1226997.7271034843,2,5.444579711601708,3068.4284333774876,4019.4975222145704,1,78.8912991203951,1
10,48562.92009935909,1,6.515843699847239,4064.7890353529006,4088.5621084699533,1,118.34912554636165,0
10,58155.20077439303,3,6.758834082274806,576.991688318843,34471.82167667888,1,4.709651409909924,1
50,529705.6297577589,1,7.143086304469771,37557.81629761041,8.771326246893379,1,14.03325508087255,1
10,640086.2542983621,3,5.381271182530049,11178.58799648791,8488.319928767154,1,34.320274381490805,0
50,699887.7249034237,1,0.900117442845044,9602.69840749509,25391.277812007203,1,32.28987144856967,0
10,1756183.783514497,3,3.859297267172639,503.05595970368205,27958.87152307476,1,8.73717181805718,1
50,150115.58718911515,1,4.648872109001569,18492.663085773638,24967.108598999606,1,4.29933351922731,1
200,169339.08619276085,4,2.228024115202004,1458.2099784147895,14858.234245887572,1,20.42748938948836,0
1000,13277.004726294135,1,3.3047321427618304,3041.434064447455,1898.2491467029392,1,3.8442399471258364,1
5000,24293.121758936948,3,4.172788933156712,22834.63506467387,82.16370460558988,1,16.575107904510386,1
50,96729.42252722327,3,8.775375314680382,56684.761199925386,1540.4342198367647,1,11.102543270619485,0
10,610026.5757447078,2,5.520884526667112,2239.395798948765,7789.414712135954,1,50.790048470398375,0
200,22351.720602778085,1,5.902450638637016,2316.6838755958643,3376.7287663785405,1,20.98819232735125,0
50,72371.60963232016,3,3.9964316143769363,14355.158077974094,1133.1602853593542,0,38.71973850906808,0
10,156075.5295811399,2,3.2215183435433516,129963.37186180032,64149.02707930549,1,6.659912993278011,1
10,85609.66581051523,1,4.93543877790106,12077.120846487025,163.7178006253995,1,11.350455640856868,0
50,58514.81366698207,2,3.1085078786064377,1006.660366778531,5540.22038015369,1,8.719519599156767,0
200,44112.09887587841,1,1.6253113057785793,4233.4625169607625,3745.0977027133936,1,29.18817221528717,0
10,19314.01399191842,1,4.540902689279306,1532.1774997438258,34890.87933316323,1,8.500640301178226,0
10,161833.2726386774,2,6.2064950011427875,189224.00500769156,432.00395110215186,1,3.9570384798339764,1
200,277577.55428243766,3,6.822725444349444,44861.618984097986,156.94977566500475,1,17.5880184636505,0
200,135320.35304993496,2,6.06963467269182,29137.301350941147,3999.283890794593,1,17.78995774274177,0
50,20430.13956361136,1,1.90207894989305,252853.561752945,26066.245699180658,1,2.6280325139504237,1
50,7671.715482006379,2,5.3139459219368685,101900.95172501149,101.03412557090388,1,63.14036753729188,1
10,57471.42752846787,4,2.066429618768646,21621.054771939336,220.7043524964517,1,1.858597362695629,1
10,265153.3254630843,1,4.433722206512465,4652.951508843525,478668.3447043091,1,62.986692907603086,0
10,26151.59425943093,3,6.104599875359046,16575.930066993093,537.8933566518342,1,1.6105266448388549,1
50,266751.16291109024,1,6.471243994491493,24124.494018516532,6128.999427247599,1,32.7305523934746,0
10,188927.8391273099,3,5.916336229577397,71889.41420857582,80.31185228606034,1,7.234330791959837,0
10,24135.223669745068,4,3.764716646132607,171.95208439935604,913.6343369257904,1,32.213239874224655,0
50,100116.32306248699,3,4.932774870592574,3131.5017019019206,279.7475615247652,1,50.92807813697277,0
50,59551.46593542383,1,4.937121659250447,22376.361028655912,2207.8315141592966,1,2.206689915017221,1
10,61815.37291019222,3,7.8726708114119575,3731.1097068241534,170276.7717256058,1,11.90555252064507,0
10,118792.05763252033,3,5.909481824282269,298646.49557457375,1798.0778097309496,0,0.42141661606653674,1
10,103511.86302302836,4,5.504480792853355,11239.909919966676,1093.9297690271753,1,0.3477886023819972,1
50,1034907.8038859421,3,5.848787875722025,43831.49242437618,10436.62701807016,1,2.314429998797139,1
10,955567.7912519143,1,7.862733563662367,11729.080356713128,2005.4197054594986,1,6.968651741437268,1
10,17934.619030193502,2,6.429219581273236,142182.9292830839,15617.035705168735,1,48.9292178553315,0
50,91289.14227924327,1,7.544707000213536,586090.285187029,17573.714193493724,1,93.85814985013062,1
10,8128.653516211678,4,7.558929863315502,2796.4038063876055,1492.4305953473477,1,71.333217361089,0
10,2989.0143798681934,2,2.7398613219192844,1321.2981522752252,296.78713006264627,1,7.044635160171425,0
50,27545.185696315668,4,5.938535179617053,3173608.5216844864,606.513140112163,1,10.224468401289863,1
50,149299.13373905217,1,5.280719739696094,5451.252352874074,3912.1764480182997,1,1.9055483451887043,1
50,14197.783571816335,3,6.148142441788003,32821.7922614875,32422.95737590262,1,15.864617007157378,0
200,41394.622820089106,1,2.459877822575936,4921.086513360009,419.95554079968633,1,16.49054933759154,0
50,43470.407299369916,3,4.801811399517462,47222.19171475149,23570.75693720696,1,52.661347660129245,0
50,80143.69198865499,4,5.313387456493049,118920.52176674106,26380.14550640304,1,9.22010348539217,1
10,799158.6415387853,3,4.513232041249964,3164.5035917897685,65.19392023628373,1,48.74806785712727,0
10,98353.19883703563,2,5.6349065225003505,98696.0770910928,1619.0944800859172,1,44.35647215717777,0
10,834.7949026030797,1,5.916773407102968,30197.755475195172,45262.39346517846,1,3.6006824638255135,1
50,1554110.7518340752,3,3.3360901650110977,2092.4183357053903,783.4552176330218,1,13.86101073841878,1
10,3518.144164557602,4,4.296157364366982,7323.884507206494,1617.7292893007516,1,11.986492170132458,0
10,439647.6084826271,1,3.506843306919522,8142.547113286164,424.27712912632546,1,35.72492686131616,1
50,107244.64514184823,1,3.586214864025302,1096.146665131974,23330.994295195756,1,22.05162625808154,0
